"PlayerID","Player","POS.","AGE","BATS","THROWS","FROM","TO","YRS","DOLLARS","AVG..SALARY","H","RBI","HR","AVG","OPS","IP","ERA","WHIP","W","SV","WAR","dummy_Pos","dummy_Years","contract_value","dummy_salary","dummy_Age"
45,"Albert Pujols","DH",42.2,"R","R","LAD","STL",1,"$2,500,000 ",2500000,65,50,17,0.236,0.717,NA,NA,NA,NA,NA,-0.72,4,1,2500000,1,3
61,"Alex Dickerson","LF",31.8,"L","L","SF","ATL",1,"$1,000,000 ",1e+06,66,38,13,0.233,0.724,NA,NA,NA,NA,NA,-0.1,3,1,1e+06,1,2
70,"Alex Wood","SP",30.8,"R","L","SF","SF",2,"$25,000,000 ",12500000,NA,NA,NA,NA,0.116,138.7,3.83,1.18,10,NA,1.63,1,2,12500000,3,2
79,"Andrelton Simmons","SS",32.5,"R","R","MIN","CHC",1,"$4,000,000 ",4e+06,92,31,3,0.223,0.557,NA,NA,NA,NA,NA,1.47,2,1,4e+06,2,2
84,"Andrew Heaney","SP",30.4,"L","L","NYY","LAD",1,"$8,500,000 ",8500000,1,NA,NA,0.333,0.833,129.7,5.83,1.32,8,NA,0.8,1,1,8500000,3,2
86,"Andrew Knapp","C",30.3,"","R","CIN","PIT",1,"$800,000 ",8e+05,22,11,2,0.152,0.429,0.3,NA,NA,NA,NA,-1.47,2,1,8e+05,1,2
88,"Andrew McCutchen","RF",35.4,"R","R","PHI","MIL",1,"$8,500,000 ",8500000,107,80,27,0.222,0.778,NA,NA,NA,NA,NA,1.36,3,1,8500000,3,3
110,"Anthony DeSclafani","SP",31.6,"R","R","SF","SF",3,"$36,000,000 ",1.2e+07,2,1,NA,0.039,0.168,167.7,3.17,1.09,13,NA,4.17,1,2,1.2e+07,3,2
115,"Anthony Rizzo","1B",32.6,"L","L","NYY","NYY",2,"$32,000,000 ",1.6e+07,123,61,22,0.248,0.784,0.7,NA,NA,NA,NA,1.18,2,2,1.6e+07,3,2
146,"Avisail Garcia","RF",30.4,"R","R","MIL","MIA",4,"$53,000,000 ",13250000,121,86,29,0.262,0.821,NA,NA,NA,NA,NA,2.9,3,2,13250000,3,2
169,"Brad Miller","LF",32.3,"L","R","PHI","TEX",2,"$10,000,000 ",5e+06,75,49,20,0.227,0.774,NA,NA,NA,NA,NA,0.36,3,2,5e+06,2,2
176,"Brandon Belt","1B",33.5,"L","L","SF","SF",1,"$18,400,000 ",18400000,89,59,29,0.274,0.975,NA,NA,NA,NA,NA,2.65,2,1,18400000,3,2
237,"Carlos Correa","SS",27.4,"R","R","HOU","MIN",3,"$105,300,000 ",35100000,154,92,26,0.277,0.847,NA,NA,NA,NA,NA,7.23,2,2,35100000,3,2
328,"Cesar Hernandez","2B",31.5,"","R","CHW","WSH",1,"$4,000,000 ",4e+06,132,62,21,0.232,0.694,NA,NA,NA,NA,NA,1.12,2,1,4e+06,2,2
251,"Chad Kuhl","RP",29.5,"R","R","PIT","COL",1,"$3,000,000 ",3e+06,1,NA,NA,0.048,0.139,80.3,4.82,1.43,5,0,0.12,1,1,3e+06,1,2
279,"Chris Taylor","3B",31.2,"R","R","LAD","LAD",4,"$60,000,000 ",1.5e+07,129,73,20,0.254,0.782,NA,NA,NA,NA,NA,2.59,2,2,1.5e+07,3,2
287,"Clayton Kershaw","SP",33.9,"L","L","LAD","LAD",1,"$17,000,000 ",1.7e+07,8,3,NA,0.222,0.465,121.7,3.55,1.02,10,NA,2.11,1,1,1.7e+07,3,2
288,"Clint Frazier","OF",27.2,"R","R","NYY","CHC",1,"$1,500,000 ",1500000,34,15,5,0.186,0.634,NA,NA,NA,NA,NA,-1.41,3,1,1500000,1,2
299,"Colin Moran","1B",29.4,"L","R","PIT","CIN",1,"$1,000,000 ",1e+06,82,50,10,0.258,0.724,NA,NA,NA,NA,NA,-0.01,2,1,1e+06,1,2
314,"Corey Dickerson","LF",32.8,"L","R","TOR","STL",1,"$5,000,000 ",5e+06,91,29,6,0.271,0.734,NA,NA,NA,NA,NA,-0.1,3,1,5e+06,2,2
319,"Corey Seager","SS",27.6,"L","R","LAD","TEX",10,"$325,000,000 ",32500000,108,57,16,0.306,0.915,NA,NA,NA,NA,NA,3.7,2,NA,32500000,3,2
349,"Daniel Vogelbach","DH",29.2,"L","R","MIL","PIT",1,"$1,000,000 ",1e+06,47,24,9,0.219,0.73,NA,NA,NA,NA,NA,-0.17,4,1,1e+06,1,2
408,"Donovan Solano","2B",34.2,"R","R","SF","CIN",1,"$4,500,000 ",4500000,86,31,7,0.28,0.748,NA,NA,NA,NA,NA,1.14,2,1,4500000,2,3
418,"Drew Smyly","SP",32.8,"L","L","ATL","CHC",1,"$5,250,000 ",5250000,3,NA,NA,0.073,0.146,126.7,4.48,1.37,11,NA,0.78,1,1,5250000,3,2
425,"Dylan Bundy","SP",29,"","R","LAA","MIN",1,"$5,000,000 ",5e+06,1,NA,NA,0.25,0.5,90.7,6.06,1.36,2,NA,-0.29,1,1,5e+06,2,2
432,"Eddie Rosario","LF",30.4,"L","R","ATL","ATL",2,"$18,000,000 ",9e+06,98,62,14,0.259,0.74,NA,NA,NA,NA,NA,0.56,3,2,9e+06,3,2
438,"Eduardo Escobar","3B",32.8,"","R","MIL","NYM",2,"$20,000,000 ",1e+07,139,90,28,0.253,0.786,NA,NA,NA,NA,NA,2.13,2,2,1e+07,3,2
445,"Ehire Adrianza","SS",32.5,"","R","ATL","WSH",1,"$1,500,000 ",1500000,45,28,5,0.247,0.728,NA,NA,NA,NA,NA,0.3,2,1,1500000,1,2
489,"Freddie Freeman","1B",32.5,"L","R","ATL","LAD",6,"$162,000,000 ",2.7e+07,180,83,31,0.3,0.895,NA,NA,NA,NA,NA,4.65,2,2,2.7e+07,3,2
499,"Garrett Richards","SP",33.8,"R","R","BOS","TEX",1,"$5,500,000 ",5500000,1,1,NA,0.2,0.6,136.7,4.87,1.6,7,NA,0.28,1,1,5500000,3,2
532,"Hanser Alberto","2B",29.3,"R","R","KC","LAD",1,"$1,600,000 ",1600000,65,24,2,0.27,0.693,0.3,NA,NA,NA,NA,0.37,2,1,1600000,1,2
612,"Jake Marisnick","CF",31,"R","R","SD","PIT",1,"$1,300,000 ",1300000,38,24,5,0.216,0.661,NA,NA,NA,NA,NA,0.42,3,1,1300000,1,2
647,"Javier Baez","SS",28.9,"R","R","NYM","DET",6,"$140,000,000 ",23333333,133,87,31,0.265,0.813,NA,NA,NA,NA,NA,2.66,2,2,23333333,3,2
655,"Jed Lowrie","2B",37.9,"","R","OAK","OAK",1,"$850,000 ",850000,112,69,14,0.245,0.716,NA,NA,NA,NA,NA,0.13,2,1,850000,1,3
685,"Joc Pederson","LF",29.8,"L","L","ATL","SF",1,"$6,000,000 ",6e+06,103,61,18,0.24,0.739,NA,NA,NA,NA,NA,-0.26,3,1,6e+06,3,2
704,"Johan Camargo","3B",27.9,"","R","ATL","PHI",1,"$1,400,000 ",1400000,NA,NA,NA,NA,0.111,NA,NA,NA,NA,NA,-0.36,2,1,1400000,1,2
720,"Jon Gray","SP",30,"R","R","COL","TEX",4,"$56,000,000 ",1.4e+07,5,3,NA,0.106,0.212,149,4.59,1.33,8,NA,1.48,1,2,1.4e+07,3,2
751,"Jorge Soler","DH",30,"R","R","ATL","MIA",3,"$36,000,000 ",1.2e+07,115,70,27,0.223,0.748,NA,NA,NA,NA,NA,-1.35,4,2,1.2e+07,3,2
787,"Jose Iglesias","SS",32.2,"R","R","BOS","COL",1,"$5,000,000 ",5e+06,131,48,9,0.271,0.7,NA,NA,NA,NA,NA,-1.09,2,1,5e+06,2,2
792,"Jose Quintana","SP",32.8,"R","L","SF","PIT",1,"$2,000,000 ",2e+06,1,NA,NA,1,2,63,6.43,1.73,0,NA,-0.88,1,1,2e+06,1,2
763,"Josh Harrison","2B",34.7,"R","R","OAK","CHW",1,"$5,500,000 ",5500000,141,60,8,0.279,0.741,NA,NA,NA,NA,NA,2.55,2,1,5500000,3,3
819,"Justin Upton","LF",34.7,"R","R","LAA","SEA",1,"$700,000 ",7e+05,67,41,17,0.211,0.705,NA,NA,NA,NA,NA,-0.71,3,1,7e+05,1,3
841,"Kevin Gausman","SP",30.8,"L","R","SF","TOR",5,"$110,000,000 ",2.2e+07,10,4,NA,0.185,0.396,192,2.81,1.04,14,NA,5.11,1,2,2.2e+07,3,2
859,"Kole Calhoun","RF",34.1,"L","L","ARI","TEX",1,"$5,200,000 ",5200000,39,17,5,0.235,0.67,NA,NA,NA,NA,NA,-0.09,3,1,5200000,3,3
862,"Kris Bryant","RF",30.2,"R","R","SF","COL",7,"$182,000,000 ",2.6e+07,136,73,25,0.265,0.834,NA,NA,NA,NA,NA,2.17,3,2,2.6e+07,3,2
864,"Kurt Suzuki","C",38.4,"R","R","LAA","LAA",1,"$1,750,000 ",1750000,49,16,6,0.224,0.636,NA,NA,NA,NA,NA,-0.43,2,1,1750000,1,3
887,"Kyle Schwarber","LF",29,"L","R","BOS","PHI",4,"$79,000,000 ",19750000,106,71,32,0.266,0.928,NA,NA,NA,NA,NA,1.83,3,2,19750000,3,2
900,"Leury Garcia","2B",30.7,"","R","CHW","CHW",3,"$16,500,000 ",5500000,111,54,5,0.267,0.711,NA,NA,NA,NA,NA,2.11,2,2,5500000,3,2
940,"Luke Maile","C",31.1,"R","R","MIL","CLE",1,"$900,000 ",9e+05,9,3,NA,0.3,0.815,1,NA,NA,NA,NA,0.25,2,1,9e+05,1,2
2051,"Manuel Pina","C",34.4,"R","R","MIL","ATL",2,"$8,000,000 ",4e+06,34,33,13,0.189,0.732,NA,NA,NA,NA,NA,1.3,2,2,4e+06,2,3
958,"Marcus Semien","2B",31.2,"R","R","TOR","TEX",7,"$175,000,000 ",2.5e+07,173,102,45,0.265,0.872,NA,NA,NA,NA,NA,7.25,2,2,2.5e+07,3,2
959,"Marcus Stroman","SP",30.6,"R","R","NYM","CHC",3,"$71,000,000 ",23666667,5,1,NA,0.098,0.301,179,3.02,1.15,10,NA,3.36,1,2,23666667,3,2
961,"Mark Canha","LF",32.8,"R","R","OAK","NYM",2,"$26,500,000 ",13250000,120,61,17,0.231,0.745,NA,NA,NA,NA,NA,2.54,3,2,13250000,3,2
989,"Matthew Boyd","SP",31.1,"L","L","DET","SF",1,"$5,200,000 ",5200000,1,NA,NA,0.333,0.833,78.7,3.89,1.27,3,NA,1.35,1,1,5200000,3,2
974,"Matt Carpenter","3B",36.5,"L","R","TEX","NYY",1,"$2,000,000 ",2e+06,35,21,3,0.169,0.58,1.3,NA,NA,NA,NA,-1.05,2,1,2e+06,1,3
976,"Matt Duffy","3B",31.2,"R","R","CHC","LAA",1,"$1,500,000 ",1500000,83,30,5,0.287,0.738,0.3,NA,NA,NA,NA,1.64,2,1,1500000,1,2
1007,"Michael Hermosillo","CF",26.8,"R","R","CHC","CHC",1,"$707,000 ",707000,7,7,3,0.194,0.737,NA,NA,NA,NA,NA,0.12,3,1,707000,1,2
1058,"Nelson Cruz","DH",41.7,"R","R","TB","WSH",1,"$15,000,000 ",1.5e+07,136,86,32,0.265,0.831,NA,NA,NA,NA,NA,2.05,4,1,1.5e+07,3,3
1063,"Nick Castellanos","DH",30,"R","R","CIN","PHI",5,"$100,000,000 ",2e+07,164,100,34,0.309,0.939,NA,NA,NA,NA,NA,3.24,4,2,2e+07,3,2
1087,"Niko Goodrum","2B",30,"","R","DET","HOU",1,"$2,100,000 ",2100000,62,33,9,0.214,0.651,NA,NA,NA,NA,NA,0.03,2,1,2100000,1,2
1093,"Odubel Herrera","CF",30.2,"L","R","PHI","PHI",1,"$1,750,000 ",1750000,117,51,13,0.26,0.726,NA,NA,NA,NA,NA,1.78,3,1,1750000,1,2
1126,"Pedro Severino","C",28.3,"R","R","BAL","MIL",1,"$1,900,000 ",1900000,94,46,11,0.248,0.691,NA,NA,NA,NA,NA,0.95,2,1,1900000,1,2
1168,"Rich Hill","SP",41.7,"L","L","NYM","BOS",1,"$5,000,000 ",5e+06,3,NA,NA,0.125,0.25,158.7,3.86,1.21,7,NA,0.78,1,1,5e+06,2,3
1187,"Roberto Perez","C",32.9,"R","R","CLE","PIT",1,"$5,000,000 ",5e+06,21,17,7,0.149,0.564,NA,NA,NA,NA,NA,-0.11,2,1,5e+06,2,2
1188,"Robinson Chirinos","C",37.8,"R","R","CHC","BAL",1,"$900,000 ",9e+05,22,15,5,0.227,0.778,NA,NA,NA,NA,NA,0.16,2,1,9e+05,1,3
1298,"Starling Marte","RF",33.1,"R","R","OAK","NYM",4,"$78,000,000 ",19500000,144,55,12,0.308,0.837,NA,NA,NA,NA,NA,2.81,3,2,19500000,3,2
1306,"Stephen Vogt","C",37.3,"L","R","ATL","OAK",1,"$850,000 ",850000,41,25,7,0.195,0.616,NA,NA,NA,NA,NA,0.27,2,1,850000,1,3
1326,"Taylor Clarke","RP",28.5,"R","R","ARI","KC",1,"$975,000 ",975000,1,NA,NA,0.333,0.666,43.3,4.99,1.52,1,0,0.02,1,1,975000,1,2
1346,"Tim Locastro","OF",29.6,"R","R","BOS","NYY",1,"$900,000 ",9e+05,25,7,2,0.18,0.515,NA,NA,NA,NA,NA,-0.81,3,1,9e+05,1,2
1356,"Tommy Pham","LF",34,"R","R","SD","CIN",1,"$7,500,000 ",7500000,109,49,15,0.229,0.723,NA,NA,NA,NA,NA,1.38,3,1,7500000,3,2
1385,"Trevor Story","SS",29.3,"R","R","COL","BOS",6,"$140,000,000 ",23333333,132,75,24,0.251,0.8,NA,NA,NA,NA,NA,4.21,2,2,23333333,3,2
1397,"Tyler Anderson","SP",32.2,"L","L","SEA","LAD",1,"$8,000,000 ",8e+06,4,1,1,0.103,0.304,167,4.53,1.25,7,NA,1.36,1,1,8e+06,3,2
1467,"Yan Gomes","C",34.3,"R","R","OAK","CHC",2,"$13,000,000 ",6500000,88,52,14,0.252,0.722,NA,NA,NA,NA,NA,2.05,2,2,6500000,3,3
2050,"Yoshitomo Tsutsugo","1B",29.9,"L","R","PIT","PIT",1,"$4,000,000 ",4e+06,50,32,8,0.217,0.69,NA,NA,NA,NA,NA,-0.6,2,1,4e+06,2,2
1491,"Zach Davies","SP",29.1,"R","R","CHC","ARI",1,"$4,500,000 ",4500000,6,2,NA,0.176,0.352,148,5.78,1.6,6,NA,-0.95,1,1,4500000,2,2
